dado,data_cadastro
duarteheloisa@silva.br,2025-07-10
058.476.932-65,2025-07-10
moreirahenrique@rocha.com,2025-07-10
948.175.630-01,2025-07-10
marianepeixoto@uol.com.br,2025-07-10
687.521.034-71,2025-07-10
andre30@ig.com.br,2025-07-10
389.641.507-75,2025-07-10
moreiramaite@goncalves.br,2025-07-10
563.741.890-00,2025-07-10
alana95@costa.br,2025-07-10
076.532.149-16,2025-07-10
lucas-gabrielda-cunha@fogaca.br,2025-07-10
136.907.524-34,2025-07-10
eduardosilveira@freitas.com,2025-07-10
470.589.361-10,2025-07-10
vda-cunha@nascimento.br,2025-07-10
982.056.734-38,2025-07-10
cardosothomas@yahoo.com.br,2025-07-10
982.370.615-86,2025-07-10
agatha18@da.net,2025-07-10
209.186.437-40,2025-07-10
carolina19@gmail.com,2025-07-10
974.803.216-78,2025-07-10
otaviolopes@bol.com.br,2025-07-10
460.259.173-61,2025-07-10
souzamaria-cecilia@yahoo.com.br,2025-07-10
375.018.496-84,2025-07-10
lunaribeiro@gmail.com,2025-07-10
543.620.819-33,2025-07-10
julia59@ig.com.br,2025-07-10
401.972.635-34,2025-07-10
noah69@uol.com.br,2025-07-10
271.490.365-70,2025-07-10
hmelo@alves.org,2025-07-10
289.604.351-98,2025-07-10
yuri85@uol.com.br,2025-07-10
148.025.697-85,2025-07-10
ivieira@costa.br,2025-07-10
268.517.934-82,2025-07-10
bianca09@uol.com.br,2025-07-10
385.291.460-42,2025-07-10
ddas-neves@bol.com.br,2025-07-10
297.654.831-55,2025-07-10
henriquemoraes@azevedo.br,2025-07-10
278.934.051-04,2025-07-10
uda-rosa@da.org,2025-07-10
402.138.569-05,2025-07-10
barbosavicente@barros.com,2025-07-10
301.295.867-30,2025-07-10
wviana@fernandes.com,2025-07-10
256.419.380-33,2025-07-10
xalves@moreira.com,2025-07-10
810.293.465-42,2025-07-10
fogacastephany@hotmail.com,2025-07-10
790.152.384-05,2025-07-10
lorena44@gmail.com,2025-07-10
965.432.081-98,2025-07-10
da-cruznoah@uol.com.br,2025-07-10
901.635.472-70,2025-07-10
qcorreia@pereira.br,2025-07-10
582.394.760-74,2025-07-10
gmelo@da.br,2025-07-10
250.893.164-06,2025-07-10
campospietra@oliveira.net,2025-07-10
105.743.896-01,2025-07-10
joao-felipesilva@hotmail.com,2025-07-10
238.940.756-00,2025-07-10
sophie50@yahoo.com.br,2025-07-10
584.726.013-07,2025-07-10
isabellada-cruz@fernandes.br,2025-07-10
789.354.160-10,2025-07-10
kduarte@silveira.com,2025-07-10
750.246.813-71,2025-07-10
aragaoraquel@bol.com.br,2025-07-10
067.542.138-17,2025-07-10
kazevedo@uol.com.br,2025-07-10
901.762.584-85,2025-07-10
marcelo79@da.com,2025-07-10
562.849.073-38,2025-07-10
luiz-henrique14@almeida.org,2025-07-10
041.267.938-87,2025-07-10
peixotohenrique@pinto.com,2025-07-10
071.638.954-10,2025-07-10
da-cunhajoao-vitor@pinto.br,2025-07-10
406.192.853-89,2025-07-10
wfreitas@gmail.com,2025-07-10
846.905.732-47,2025-07-10
joaquimazevedo@uol.com.br,2025-07-10
052.138.947-04,2025-07-10
araujojoao@yahoo.com.br,2025-07-10
253.187.649-91,2025-07-10
da-rosamaria@da.org,2025-07-10
312.564.809-24,2025-07-10
monteirohelena@hotmail.com,2025-07-10
842.350.691-60,2025-07-10
anthonygomes@fernandes.org,2025-07-10
874.956.132-46,2025-07-10
jesuslaura@barbosa.br,2025-07-10
285.306.419-06,2025-07-10
henrique@email.com,2025-07-10
123.456.789-50,2025-07-10